SENATOR (DEM),Precinct,Voters,Trnout,Pct,BILL BRADBURY,CRAIG HANSON,GREG HAVEN,Under Votes,Over Votes,Write-ins
,0156,27,13,48.15%,13,0,0,0,0,0
,0158,21,13,61.90%,13,0,0,0,0,0
,0543,17,5,29.41%,4,0,0,1,0,0
,0547,15,6,40.00%,3,0,0,3,0,0
,0548,15,5,33.33%,5,0,0,0,0,0
,0601,0,0,0.00%,0,0,0,0,0,0
,1002,365,204,55.89%,171,9,4,20,0,0
,1013,2315,1544,66.70%,1387,26,12,115,1,3
,1025,1660,794,47.83%,643,27,31,84,2,7
,1045,113,84,74.34%,75,1,0,6,0,2
,1053,1028,414,40.27%,356,16,5,37,0,0
,1103,1480,740,50.00%,619,40,17,57,1,6
,1156,1436,977,68.04%,886,16,4,70,1,0
,1170,1782,1216,68.24%,1101,12,10,86,1,6
,1183,1012,612,60.47%,544,12,5,48,0,3
,1205,1860,1094,58.82%,936,39,14,98,1,6
,1211,1071,720,67.23%,622,19,12,62,0,5
,1213,1377,901,65.43%,759,26,11,102,0,3
,1222,1920,1250,65.10%,1053,40,12,138,4,3
,1224,1662,1144,68.83%,1012,24,8,91,3,6
,1226,1110,750,67.57%,654,12,4,77,1,2
,1230,2036,1250,61.39%,1057,30,13,139,0,11
,1238,1039,591,56.88%,490,24,16,55,1,5
,1240,734,486,66.21%,428,9,4,42,0,3
,1245,2137,1338,62.61%,1137,31,25,136,0,9
,1315,1510,813,53.84%,699,31,14,63,1,5
,1321,771,459,59.53%,404,7,3,43,0,2
,1400,613,341,55.63%,299,6,4,29,1,2
,1500,251,143,56.97%,122,1,5,14,1,0
,1504,696,436,62.64%,362,32,9,30,1,2
,1505,238,153,64.29%,116,10,8,15,1,3
,1507,131,88,67.18%,82,0,0,6,0,0
,1515,424,291,68.63%,252,10,5,22,1,1
,1546,366,257,70.22%,216,4,5,26,2,4
,2002,1877,785,41.82%,528,77,55,108,7,10
,2026,1926,812,42.16%,578,87,35,96,4,12
,2029,2048,944,46.09%,703,80,48,101,2,10
,2077,2331,1250,53.63%,925,122,59,132,3,9
,2086,2117,971,45.87%,738,73,25,123,2,10
,2099,1946,764,39.26%,572,53,27,101,3,8
,2100,2122,1180,55.61%,868,112,35,154,3,8
,2114,1914,1057,55.22%,842,79,26,96,3,11
,2143,1076,529,49.16%,405,35,16,63,0,10
,3000,1674,837,50.00%,630,61,26,111,2,7
,3002,2027,1029,50.76%,801,51,39,120,2,16
,3004,1766,679,38.45%,467,62,35,104,2,9
,3008,2250,1169,51.96%,903,71,31,152,1,11
,3058,2209,1028,46.54%,820,46,32,117,1,12
,3097,2250,1066,47.38%,892,45,23,97,1,8
,3113,2092,1386,66.25%,1234,27,7,103,3,12
,3128,2143,1477,68.92%,1283,34,19,129,4,8
,3144,1777,1305,73.44%,1146,17,16,120,1,5
,3151,2521,1176,46.65%,949,54,38,118,6,11
,3177,2109,1267,60.08%,1068,49,18,120,0,12
,3185,1053,515,48.91%,363,44,16,84,2,6
,3193,2171,1300,59.88%,1088,54,21,119,7,11
,3240,1948,1064,54.62%,866,43,33,111,3,8
,3248,1338,782,58.45%,669,35,17,56,2,3
,3253,1487,874,58.78%,732,32,19,83,0,8
,3259,2171,1439,66.28%,1276,34,15,106,2,6
,3274,1481,753,50.84%,636,27,18,66,2,4
,3290,1958,1364,69.66%,1192,32,13,119,1,7
,3297,1188,543,45.71%,398,43,28,66,1,7
,3307,1116,565,50.63%,441,27,24,62,0,11
,3311,1368,666,48.68%,483,70,24,78,1,10
,3315,984,427,43.39%,301,41,23,57,3,2
,3322,952,491,51.58%,371,38,16,61,0,5
,3327,920,490,53.26%,375,32,17,61,2,3
,3329,1520,842,55.39%,618,58,41,115,2,8
,3330,1471,838,56.97%,625,60,32,106,5,10
,4022,1524,779,51.12%,660,24,16,68,3,8
,4027,1556,912,58.61%,783,24,16,82,0,7
,4041,2072,1306,63.03%,1125,34,17,108,4,18
,4049,2048,1135,55.42%,951,34,25,116,3,6
,4065,2205,1251,56.73%,1057,40,23,122,1,8
,4106,1411,844,59.82%,721,23,15,77,2,6
,4111,1750,1126,64.34%,959,36,26,99,3,3
,4125,1316,601,45.67%,451,47,30,64,1,8
,4131,1395,810,58.06%,652,49,27,73,1,8
,4155,1871,1076,57.51%,857,48,32,120,2,17
,4167,2026,1158,57.16%,955,47,40,104,2,10
,4178,1308,608,46.48%,458,51,28,60,4,7
,4185,1212,529,43.65%,392,36,35,58,0,8
,4202,1453,662,45.56%,502,52,31,66,4,7
,4216,482,179,37.14%,126,20,13,17,0,3
,4242,1705,990,58.06%,827,50,19,88,1,5
,4250,1370,799,58.32%,628,52,26,88,2,3
,4254,918,525,57.19%,422,30,10,54,1,8
,4282,1669,1094,65.55%,961,16,22,90,0,5
,4295,1847,1139,61.67%,978,35,15,102,2,7
,4299,1893,787,41.57%,563,81,43,89,1,10
,4309,929,427,45.96%,337,27,10,50,0,3
,4320,884,473,53.51%,356,28,20,61,1,7
,4333,1363,675,49.52%,512,54,26,75,1,7
,4338,1520,756,49.74%,509,91,37,106,2,11
,4339,1542,650,42.15%,458,59,39,84,1,9
,4340,957,407,42.53%,301,31,31,41,0,3
,4344,1083,539,49.77%,377,41,28,78,2,13
,4345,1646,777,47.21%,568,60,46,84,4,15
,4350,1741,796,45.72%,594,62,40,91,1,8
,4352,998,405,40.58%,274,41,23,61,2,4
,4359,698,344,49.28%,248,28,11,50,1,6
,4360,1074,453,42.18%,323,49,32,46,0,3
,4361,1424,617,43.33%,434,67,22,80,3,11
,4362,1154,526,45.58%,373,39,26,75,1,12
,4363,1885,1015,53.85%,800,59,32,110,3,11
,5029,240,142,59.17%,108,4,7,23,0,0
,5100,1338,575,42.97%,419,49,29,70,1,7
,5200,1304,568,43.56%,418,52,22,68,3,5
,5201,1205,537,44.56%,393,32,24,80,1,7
,5301,552,209,37.86%,159,22,10,16,0,2
,5401,172,90,52.33%,76,2,1,10,0,1
,5425,903,465,51.50%,350,34,22,52,1,6
,5602,107,55,51.40%,43,0,3,8,1,0
,5604,765,384,50.20%,271,32,27,50,1,3
,5605,68,27,39.71%,19,2,2,4,0,0
,5819,1430,636,44.48%,456,53,32,80,3,12
,5820,1681,759,45.15%,551,68,38,94,0,8
,5828,1301,569,43.74%,403,58,27,74,1,6
,5842,1581,858,54.27%,656,50,29,112,4,7
,5846,1436,663,46.17%,485,47,31,91,1,8
,5850,866,363,41.92%,260,29,16,52,1,5
,5851,1554,699,44.98%,521,55,29,81,1,12
,5853,1430,691,48.32%,514,55,21,84,0,17
,5855,1423,678,47.65%,520,42,27,81,1,7
,5861,976,424,43.44%,308,45,12,54,0,5
,5868,1032,444,43.02%,357,14,13,51,0,9
,5870,1400,622,44.43%,455,51,39,68,4,5
,5871,893,346,38.75%,236,28,22,50,3,7
,TOTAL,170119,90770,53.36%,72776,4808,2642,9520,193,831
HOUSE DIST. 1 (DEM),Precinct,Voters,Trnout,Pct,DAVID WU,Under Votes,Over Votes,Write-ins
,0158,21,13,61.90%,10,3,0,0
,1013,2315,1544,66.70%,1297,239,1,7
,1025,1660,794,47.83%,689,97,0,8
,1045,113,84,74.34%,72,12,0,0
,1053,1028,414,40.27%,358,50,0,6
,1103,1480,740,50.00%,647,88,0,5
,1156,1436,977,68.04%,829,137,1,10
,1170,1782,1216,68.24%,1038,165,1,12
,1205,1860,1094,58.82%,941,149,0,4
,1224,1662,1144,68.83%,975,162,0,7
,1226,1110,750,67.57%,634,112,0,4
,1230,2036,1250,61.39%,1058,186,1,5
,1240,734,486,66.21%,423,58,0,5
,1245,2137,1338,62.61%,1171,161,0,6
,1315,1510,813,53.84%,725,81,0,7
,1507,131,88,67.18%,80,8,0,0
,1515,424,291,68.63%,242,46,0,3
,TOTAL,21439,13036,60.81%,11189,1754,4,89
HOUSE DIST. 3 (DEM),Precinct,Voters,Trnout,Pct,EARL BLUMENAUER,JOHN SWEENEY,Under Votes,Over Votes,Write-ins
,0543,17,5,29.41%,5,0,0,0,0
,0547,15,6,40.00%,3,1,2,0,0
,0548,15,5,33.33%,4,0,1,0,0
,0601,0,0,0.00%,0,0,0,0,0
,1002,365,204,55.89%,173,23,8,0,0
,1321,771,459,59.53%,405,17,37,0,0
,1500,251,143,56.97%,120,10,12,1,0
,1504,696,436,62.64%,361,50,23,0,2
,1505,238,153,64.29%,124,17,11,0,1
,2002,1877,785,41.82%,594,144,46,1,0
,2026,1926,812,42.16%,627,132,46,2,5
,2029,2048,944,46.09%,738,136,64,2,4
,2077,2331,1250,53.63%,1005,177,66,0,2
,2086,2117,971,45.87%,794,93,78,1,5
,2099,1946,764,39.26%,639,60,61,1,3
,2100,2122,1180,55.61%,950,146,77,4,3
,2114,1914,1057,55.22%,862,121,70,2,2
,2143,1076,529,49.16%,404,84,35,1,5
,3000,1674,837,50.00%,681,102,48,2,4
,3002,2027,1029,50.76%,840,119,66,0,4
,3004,1766,679,38.45%,541,75,60,1,2
,3008,2250,1169,51.96%,992,90,78,1,8
,3058,2209,1028,46.54%,867,96,59,2,4
,3097,2250,1066,47.38%,901,86,77,0,2
,3113,2092,1386,66.25%,1261,61,60,1,3
,3128,2143,1477,68.92%,1342,71,58,3,3
,3144,1777,1305,73.44%,1177,65,58,2,3
,3151,2521,1176,46.65%,1023,86,61,3,3
,3177,2109,1267,60.08%,1087,105,72,2,1
,3185,1053,515,48.91%,404,57,46,3,5
,3193,2171,1300,59.88%,1115,104,76,3,2
,3240,1948,1064,54.62%,904,98,57,1,4
,3248,1338,782,58.45%,686,57,36,3,0
,3253,1487,874,58.78%,774,59,39,0,2
,3259,2171,1439,66.28%,1314,71,47,2,5
,3274,1481,753,50.84%,662,54,36,0,1
,3290,1958,1364,69.66%,1220,75,69,0,0
,3297,1188,543,45.71%,421,82,37,0,3
,3307,1116,565,50.63%,452,79,31,0,3
,3311,1368,666,48.68%,521,109,33,0,3
,3315,984,427,43.39%,325,67,28,1,6
,3322,952,491,51.58%,406,60,21,3,1
,3327,920,490,53.26%,384,76,26,1,3
,3329,1520,842,55.39%,671,114,53,2,2
,3330,1471,838,56.97%,678,128,31,0,1
,4022,1524,779,51.12%,663,57,53,1,5
,4027,1556,912,58.61%,789,52,69,1,1
,4041,2072,1306,63.03%,1127,102,71,2,4
,4049,2048,1135,55.42%,960,81,92,0,2
,4065,2205,1251,56.73%,1056,121,67,4,3
,4106,1411,844,59.82%,735,47,59,0,3
,4111,1750,1126,64.34%,988,80,54,1,3
,4125,1316,601,45.67%,473,85,38,2,3
,4131,1395,810,58.06%,700,65,40,2,3
,4155,1871,1076,57.51%,900,111,61,1,3
,4167,2026,1158,57.16%,953,118,79,5,3
,4178,1308,608,46.48%,503,69,33,0,3
,4185,1212,529,43.65%,423,70,30,2,4
,4202,1453,662,45.56%,537,85,34,3,3
,4216,482,179,37.14%,132,37,9,0,1
,4242,1705,990,58.06%,861,78,49,1,1
,4250,1370,799,58.32%,670,82,47,0,0
,4254,918,525,57.19%,428,57,37,1,2
,4282,1669,1094,65.55%,980,60,51,1,2
,4295,1847,1139,61.67%,994,82,59,0,4
,4299,1893,787,41.57%,569,158,53,2,5
,4309,929,427,45.96%,362,40,25,0,0
,4320,884,473,53.51%,383,53,35,0,2
,4333,1363,675,49.52%,544,88,35,1,7
,4338,1520,756,49.74%,561,142,50,1,2
,4339,1542,650,42.15%,478,121,49,0,2
,4340,957,407,42.53%,306,68,30,0,3
,4344,1083,539,49.77%,402,94,38,1,4
,4345,1646,777,47.21%,585,152,37,2,1
,4350,1741,796,45.72%,589,159,44,1,3
,4352,998,405,40.58%,285,83,34,2,1
,4359,698,344,49.28%,260,55,27,1,1
,4360,1074,453,42.18%,338,89,26,0,0
,4361,1424,617,43.33%,456,101,51,3,6
,4362,1154,526,45.58%,392,87,44,0,3
,4363,1885,1015,53.85%,859,92,55,5,4
,5029,240,142,59.17%,121,14,7,0,0
,5100,1338,575,42.97%,462,73,36,1,3
,5200,1304,568,43.56%,444,76,46,0,2
,5201,1205,537,44.56%,413,69,49,2,4
,5301,552,209,37.86%,170,28,11,0,0
,5401,172,90,52.33%,73,11,6,0,0
,5425,903,465,51.50%,347,80,33,0,5
,5602,107,55,51.40%,42,6,7,0,0
,5604,765,384,50.20%,297,55,32,0,0
,5605,68,27,39.71%,24,2,1,0,0
,5819,1430,636,44.48%,486,99,42,3,6
,5820,1681,759,45.15%,587,124,46,0,2
,5828,1301,569,43.74%,414,99,50,0,6
,5842,1581,858,54.27%,699,93,62,0,4
,5846,1436,663,46.17%,509,107,44,1,2
,5850,866,363,41.92%,281,46,32,1,3
,5851,1554,699,44.98%,547,110,36,2,4
,5853,1430,691,48.32%,542,98,44,1,6
,5855,1423,678,47.65%,564,66,46,0,2
,5861,976,424,43.44%,325,61,35,0,3
,5868,1032,444,43.02%,369,49,23,0,3
,5870,1400,622,44.43%,491,90,36,1,4
,5871,893,346,38.75%,252,63,25,1,5
,TOTAL,141255,73049,51.71%,60157,8097,4414,110,271
HOUSE DIST. 5 (DEM),Precinct,Voters,Trnout,Pct,DARLENE HOOLEY,Under Votes,Over Votes,Write-ins
,0156,27,13,48.15%,11,2,0,0
,1183,1012,612,60.47%,467,144,0,1
,1211,1071,720,67.23%,528,183,1,8
,1213,1377,901,65.43%,647,250,0,4
,1222,1920,1250,65.10%,928,311,0,11
,1238,1039,591,56.88%,424,154,0,13
,1400,613,341,55.63%,282,58,0,1
,1546,366,257,70.22%,195,60,1,1
,TOTAL,7425,4685,63.10%,3482,1162,2,39
GOVERNOR (DEM),Precinct,Voters,Trnout,Pct,WILLIAM PETER ALLEN,CALEB BURNS,JIM HILL,TED KULONGOSKI,BEV STEIN,Under Votes,Over Votes,Write-ins
,0156,27,13,48.15%,0,0,2,7,3,0,1,0
,0158,21,13,61.90%,0,1,4,8,0,0,0,0
,0543,17,5,29.41%,0,0,1,3,1,0,0,0
,0547,15,6,40.00%,0,0,2,3,1,0,0,0
,0548,15,5,33.33%,0,0,3,1,1,0,0,0
,0601,0,0,0.00%,0,0,0,0,0,0,0,0
,1002,365,204,55.89%,4,3,45,102,43,5,2,0
,1013,2315,1544,66.70%,8,3,277,723,491,29,13,0
,1025,1660,794,47.83%,2,10,146,375,224,27,5,5
,1045,113,84,74.34%,3,0,20,47,13,1,0,0
,1053,1028,414,40.27%,0,2,84,199,110,14,4,1
,1103,1480,740,50.00%,9,1,161,349,194,19,6,1
,1156,1436,977,68.04%,2,4,132,564,243,23,6,3
,1170,1782,1216,68.24%,6,3,222,670,273,19,14,9
,1183,1012,612,60.47%,3,2,115,326,144,14,7,1
,1205,1860,1094,58.82%,6,5,230,563,245,28,9,8
,1211,1071,720,67.23%,7,1,144,394,151,14,8,1
,1213,1377,901,65.43%,4,5,213,472,158,36,10,3
,1222,1920,1250,65.10%,4,4,273,669,249,36,10,5
,1224,1662,1144,68.83%,8,0,214,633,256,17,13,3
,1226,1110,750,67.57%,0,0,132,428,149,33,7,1
,1230,2036,1250,61.39%,3,2,278,633,281,33,15,5
,1238,1039,591,56.88%,9,1,166,284,108,14,3,6
,1240,734,486,66.21%,3,0,99,247,118,12,6,1
,1245,2137,1338,62.61%,6,9,295,701,270,44,8,5
,1315,1510,813,53.84%,6,1,175,410,194,17,5,5
,1321,771,459,59.53%,2,2,106,242,86,17,3,1
,1400,613,341,55.63%,2,3,67,200,60,5,2,2
,1500,251,143,56.97%,3,1,25,74,34,4,2,0
,1504,696,436,62.64%,5,9,91,223,87,13,4,4
,1505,238,153,64.29%,2,2,26,87,25,5,3,3
,1507,131,88,67.18%,1,0,20,45,19,2,1,0
,1515,424,291,68.63%,0,0,56,170,57,6,2,0
,1546,366,257,70.22%,0,1,48,140,52,14,2,0
,2002,1877,785,41.82%,16,4,166,385,175,26,5,8
,2026,1926,812,42.16%,13,9,174,397,181,20,1,17
,2029,2048,944,46.09%,13,6,269,400,213,25,11,7
,2077,2331,1250,53.63%,23,13,249,660,255,30,8,12
,2086,2117,971,45.87%,10,6,323,370,221,26,6,9
,2099,1946,764,39.26%,6,5,344,205,177,15,9,3
,2100,2122,1180,55.61%,17,18,224,606,253,48,8,6
,2114,1914,1057,55.22%,14,5,271,486,237,24,17,3
,2143,1076,529,49.16%,4,5,142,242,102,20,5,9
,3000,1674,837,50.00%,12,8,159,409,202,29,6,12
,3002,2027,1029,50.76%,16,4,256,485,230,27,5,6
,3004,1766,679,38.45%,11,7,340,150,128,27,6,10
,3008,2250,1169,51.96%,11,5,499,381,229,28,11,5
,3058,2209,1028,46.54%,9,11,304,412,244,32,14,2
,3097,2250,1066,47.38%,5,1,380,387,259,20,9,5
,3113,2092,1386,66.25%,4,4,330,693,302,39,12,2
,3128,2143,1477,68.92%,11,4,334,720,353,33,16,6
,3144,1777,1305,73.44%,4,4,256,644,339,36,18,4
,3151,2521,1176,46.65%,5,4,418,365,347,16,14,7
,3177,2109,1267,60.08%,11,9,309,618,273,29,9,9
,3185,1053,515,48.91%,4,5,107,247,113,29,2,8
,3193,2171,1300,59.88%,13,5,299,592,329,40,14,8
,3240,1948,1064,54.62%,11,4,196,533,276,29,6,9
,3248,1338,782,58.45%,7,4,184,383,183,10,8,3
,3253,1487,874,58.78%,3,5,206,401,238,14,6,1
,3259,2171,1439,66.28%,8,2,289,632,469,22,10,7
,3274,1481,753,50.84%,4,1,165,321,238,16,6,2
,3290,1958,1364,69.66%,5,6,288,757,270,21,14,3
,3297,1188,543,45.71%,12,1,159,242,94,23,6,6
,3307,1116,565,50.63%,9,0,134,303,97,12,5,5
,3311,1368,666,48.68%,15,5,143,343,131,16,4,9
,3315,984,427,43.39%,12,6,85,202,90,19,6,7
,3322,952,491,51.58%,10,1,165,220,75,9,4,7
,3327,920,490,53.26%,4,4,110,231,112,20,3,6
,3329,1520,842,55.39%,16,3,199,433,142,32,7,10
,3330,1471,838,56.97%,19,12,203,441,135,15,7,6
,4022,1524,779,51.12%,4,7,167,309,263,15,9,5
,4027,1556,912,58.61%,8,4,164,377,317,28,9,5
,4041,2072,1306,63.03%,10,7,218,617,402,31,11,10
,4049,2048,1135,55.42%,7,6,237,511,320,29,19,6
,4065,2205,1251,56.73%,18,9,249,569,347,38,13,8
,4106,1411,844,59.82%,4,3,155,390,255,22,7,8
,4111,1750,1126,64.34%,7,7,217,571,286,28,5,5
,4125,1316,601,45.67%,12,10,129,292,126,18,4,10
,4131,1395,810,58.06%,15,7,173,385,195,25,6,4
,4155,1871,1076,57.51%,14,4,214,573,226,28,8,9
,4167,2026,1158,57.16%,20,9,235,523,309,42,11,9
,4178,1308,608,46.48%,13,4,147,274,145,15,4,6
,4185,1212,529,43.65%,11,6,119,227,141,15,4,6
,4202,1453,662,45.56%,14,5,118,340,149,20,7,9
,4216,482,179,37.14%,8,3,37,80,41,6,1,3
,4242,1705,990,58.06%,8,7,196,539,195,33,8,4
,4250,1370,799,58.32%,4,7,181,392,178,27,5,5
,4254,918,525,57.19%,9,2,115,247,131,12,5,4
,4282,1669,1094,65.55%,6,4,241,572,235,27,7,2
,4295,1847,1139,61.67%,9,4,218,577,288,29,9,5
,4299,1893,787,41.57%,14,7,146,355,215,27,8,15
,4309,929,427,45.96%,3,3,92,229,80,11,3,6
,4320,884,473,53.51%,9,3,111,236,86,18,5,5
,4333,1363,675,49.52%,13,8,166,333,120,24,1,10
,4338,1520,756,49.74%,14,7,159,366,153,40,5,12
,4339,1542,650,42.15%,16,17,135,296,141,31,6,8
,4340,957,407,42.53%,12,2,83,183,97,22,0,8
,4344,1083,539,49.77%,8,9,109,277,103,23,3,7
,4345,1646,777,47.21%,17,9,161,396,152,28,6,8
,4350,1741,796,45.72%,29,12,170,423,126,23,4,9
,4352,998,405,40.58%,11,8,88,188,85,16,4,5
,4359,698,344,49.28%,7,4,83,167,62,15,0,6
,4360,1074,453,42.18%,16,9,86,224,95,10,5,8
,4361,1424,617,43.33%,9,4,152,301,111,28,1,11
,4362,1154,526,45.58%,11,5,110,243,118,27,5,7
,4363,1885,1015,53.85%,14,4,198,473,289,23,8,6
,5029,240,142,59.17%,0,0,47,65,23,5,2,0
,5100,1338,575,42.97%,11,9,142,284,105,18,2,4
,5200,1304,568,43.56%,10,5,135,278,98,28,8,6
,5201,1205,537,44.56%,7,8,120,280,78,32,4,8
,5301,552,209,37.86%,3,1,43,100,54,3,2,3
,5401,172,90,52.33%,0,0,22,52,11,4,1,0
,5425,903,465,51.50%,13,5,85,254,72,26,2,8
,5602,107,55,51.40%,0,1,17,30,3,2,0,2
,5604,765,384,50.20%,10,10,80,204,51,24,2,3
,5605,68,27,39.71%,0,0,4,12,9,1,1,0
,5819,1430,636,44.48%,10,9,138,307,131,25,4,12
,5820,1681,759,45.15%,19,6,171,386,135,24,5,13
,5828,1301,569,43.74%,9,7,140,267,108,25,3,10
,5842,1581,858,54.27%,8,8,207,452,140,28,8,7
,5846,1436,663,46.17%,11,10,158,350,92,31,4,7
,5850,866,363,41.92%,12,5,86,169,63,17,2,9
,5851,1554,699,44.98%,10,10,160,345,129,30,4,11
,5853,1430,691,48.32%,9,7,172,362,88,30,3,20
,5855,1423,678,47.65%,4,4,168,368,92,31,9,2
,5861,976,424,43.44%,2,7,90,222,73,19,3,8
,5868,1032,444,43.02%,7,1,109,248,53,15,2,9
,5870,1400,622,44.43%,13,7,138,302,120,22,11,9
,5871,893,346,38.75%,8,3,68,158,84,15,3,7
,TOTAL,170119,90770,53.36%,1055,620,20630,43838,20446,2687,770,724
STATE SENATOR DIST. 16 (DEM),Precinct,Voters,Trnout,Pct,JOAN DUKES,Under Votes,Over Votes,Write-ins
,1505,238,153,64.29%,90,62,0,1
,TOTAL,238,153,64.29%,90,62,0,1
STATE SENATOR DIST. 17 (DEM),Precinct,Voters,Trnout,Pct,CHARLIE RINGO,Under Votes,Over Votes,Write-ins
,1002,365,204,55.89%,109,95,0,0
,1013,2315,1544,66.70%,975,564,0,5
,1025,1660,794,47.83%,541,247,0,6
,1045,113,84,74.34%,61,23,0,0
,1053,1028,414,40.27%,273,138,0,3
,1321,771,459,59.53%,279,178,0,2
,1500,251,143,56.97%,78,65,0,0
,1504,696,436,62.64%,268,164,1,3
,1507,131,88,67.18%,62,25,0,1
,TOTAL,7330,4166,56.83%,2646,1499,1,20
STATE SENATOR DIST. 19 (DEM),Precinct,Voters,Trnout,Pct,RICHARD DEVLIN,Under Votes,Over Votes,Write-ins
,0156,27,13,48.15%,7,6,0,0
,1211,1071,720,67.23%,427,290,0,3
,1213,1377,901,65.43%,538,358,0,5
,1222,1920,1250,65.10%,777,465,0,8
,1400,613,341,55.63%,238,101,1,1
,1546,366,257,70.22%,159,93,1,4
,TOTAL,5374,3482,64.79%,2146,1313,2,21
STATE SENATOR DIST. 24 (DEM),Precinct,Voters,Trnout,Pct,RON MCCARTY,FRANK SHIELDS,Under Votes,Over Votes,Write-ins
,3311,1368,666,48.68%,220,371,72,1,2
,3322,952,491,51.58%,168,248,69,3,3
,3327,920,490,53.26%,184,243,57,0,6
,3329,1520,842,55.39%,239,478,116,4,5
,3330,1471,838,56.97%,315,394,127,1,1
,4309,929,427,45.96%,147,206,72,1,1
,4320,884,473,53.51%,164,226,79,1,3
,4333,1363,675,49.52%,218,378,70,1,8
,4338,1520,756,49.74%,310,325,117,0,4
,4339,1542,650,42.15%,257,286,102,1,4
,4340,957,407,42.53%,164,169,71,0,3
,4344,1083,539,49.77%,181,288,63,1,6
,4345,1646,777,47.21%,278,405,89,1,4
,4350,1741,796,45.72%,302,397,90,4,3
,4352,998,405,40.58%,158,174,72,1,0
,4359,698,344,49.28%,125,127,91,1,0
,4360,1074,453,42.18%,216,168,67,1,1
,4361,1424,617,43.33%,211,294,100,5,7
,5605,68,27,39.71%,14,9,4,0,0
,TOTAL,22158,10673,48.17%,3871,5186,1528,27,61
STATE SENATOR DIST. 26 (DEM),Precinct,Voters,Trnout,Pct,RICK METSGER,Under Votes,Over Votes,Write-ins
,4216,482,179,37.14%,134,41,0,4
,5425,903,465,51.50%,304,150,0,11
,5602,107,55,51.40%,36,19,0,0
,5604,765,384,50.20%,264,118,0,2
,TOTAL,2257,1083,47.98%,738,328,0,17
STATE HOUSE DIST. 27 (DEM),Precinct,Voters,Trnout,Pct,MARK HASS,Under Votes,Over Votes,Write-ins
,1240,734,486,66.21%,332,152,0,2
,1515,424,291,68.63%,194,97,0,0
,TOTAL,1158,777,67.10%,526,249,0,2
STATE HOUSE DIST. 31 (DEM),Precinct,Voters,Trnout,Pct,ELIZABETH (BETSY) JOHNSON,Under Votes,Over Votes,Write-ins
,1505,238,153,64.29%,95,57,0,1
,TOTAL,238,153,64.29%,95,57,0,1
STATE HOUSE DIST. 33 (DEM),Precinct,Voters,Trnout,Pct,MITCH GREENLICK,CAROL ROBINSON,Under Votes,Over Votes,Write-ins
,1002,365,204,55.89%,100,74,28,2,0
,1013,2315,1544,66.70%,789,649,100,6,0
,1025,1660,794,47.83%,412,272,100,6,4
,1045,113,84,74.34%,46,35,3,0,0
,1053,1028,414,40.27%,210,155,47,2,0
,1321,771,459,59.53%,231,181,45,1,1
,1500,251,143,56.97%,99,36,8,0,0
,1504,696,436,62.64%,236,148,48,2,2
,1507,131,88,67.18%,62,21,5,0,0
,TOTAL,7330,4166,56.83%,2185,1571,384,19,7
STATE HOUSE DIST. 35 (DEM),Precinct,Voters,Trnout,Pct,GEOFF SINCLAIR,Under Votes,Over Votes,Write-ins
,1238,1039,591,56.88%,331,251,0,9
,TOTAL,1039,591,56.88%,331,251,0,9
STATE HOUSE DIST. 36 (DEM),Precinct,Voters,Trnout,Pct,MARY NOLAN,Under Votes,Over Votes,Write-ins
,0158,21,13,61.90%,10,3,0,0
,1103,1480,740,50.00%,503,229,0,8
,1156,1436,977,68.04%,661,312,1,3
,1170,1782,1216,68.24%,868,341,0,7
,1183,1012,612,60.47%,404,206,1,1
,1205,1860,1094,58.82%,761,328,0,5
,1224,1662,1144,68.83%,832,307,0,5
,1226,1110,750,67.57%,522,224,0,4
,1230,2036,1250,61.39%,850,392,0,8
,1245,2137,1338,62.61%,958,372,1,7
,1315,1510,813,53.84%,581,226,1,5
,TOTAL,16046,9947,61.99%,6950,2940,4,53
STATE HOUSE DIST. 38 (DEM),Precinct,Voters,Trnout,Pct,KATHERINE H. COWAN,GREG MACPHERSON,Under Votes,Over Votes,Write-ins
,0156,27,13,48.15%,1,7,5,0,0
,1211,1071,720,67.23%,157,477,80,6,0
,1213,1377,901,65.43%,296,482,112,7,4
,1222,1920,1250,65.10%,319,736,179,9,7
,1400,613,341,55.63%,123,180,36,1,1
,1546,366,257,70.22%,91,128,35,2,1
,TOTAL,5374,3482,64.79%,987,2010,447,25,13
STATE HOUSE DIST. 41 (DEM),Precinct,Voters,Trnout,Pct,CAROLYN TOMEI,Under Votes,Over Votes,Write-ins
,0548,15,5,33.33%,2,3,0,0
,0601,0,0,0.00%,0,0,0,0
,4202,1453,662,45.56%,424,225,5,8
,4242,1705,990,58.06%,612,369,0,9
,4250,1370,799,58.32%,498,297,0,4
,4282,1669,1094,65.55%,665,425,0,4
,4295,1847,1139,61.67%,682,451,0,6
,4299,1893,787,41.57%,529,244,0,14
,TOTAL,9952,5476,55.02%,3412,2014,5,45
STATE HOUSE DIST. 42 (DEM),Precinct,Voters,Trnout,Pct,DIANE ROSENBAUM,Under Votes,Over Votes,Write-ins
,3274,1481,753,50.84%,518,230,0,5
,4022,1524,779,51.12%,550,220,1,8
,4027,1556,912,58.61%,617,286,0,9
,4041,2072,1306,63.03%,890,395,0,21
,4049,2048,1135,55.42%,775,351,0,9
,4065,2205,1251,56.73%,873,370,1,7
,4106,1411,844,59.82%,571,266,0,7
,4167,2026,1158,57.16%,794,352,1,11
,4254,918,525,57.19%,348,174,0,3
,4363,1885,1015,53.85%,652,348,3,12
,TOTAL,17126,9678,56.51%,6588,2992,6,92
STATE HOUSE DIST. 43 (DEM),Precinct,Voters,Trnout,Pct,DEBORAH KAFOURY,Under Votes,Over Votes,Write-ins
,2086,2117,971,45.87%,711,247,0,13
,2099,1946,764,39.26%,562,187,0,15
,3004,1766,679,38.45%,514,159,1,5
,3008,2250,1169,51.96%,896,259,1,13
,3058,2209,1028,46.54%,772,243,1,12
,3097,2250,1066,47.38%,815,243,0,8
,3151,2521,1176,46.65%,897,262,0,17
,3253,1487,874,58.78%,650,218,0,6
,3259,2171,1439,66.28%,1072,357,1,9
,TOTAL,18717,9166,48.97%,6889,2175,4,98
STATE HOUSE DIST. 44 (DEM),Precinct,Voters,Trnout,Pct,GARY D. HANSEN,SHEILA A. PRYOR SCOTT,Under Votes,Over Votes,Write-ins
,2002,1877,785,41.82%,457,195,131,2,0
,2026,1926,812,42.16%,506,182,117,3,4
,2029,2048,944,46.09%,563,204,172,3,2
,2077,2331,1250,53.63%,820,241,182,1,6
,2100,2122,1180,55.61%,766,205,206,3,0
,2114,1914,1057,55.22%,689,207,157,2,2
,2143,1076,529,49.16%,321,110,91,3,4
,3297,1188,543,45.71%,293,163,83,2,2
,TOTAL,14482,7100,49.03%,4415,1507,1139,19,20
STATE HOUSE DIST. 45 (DEM),Precinct,Voters,Trnout,Pct,JACKIE DINGFELDER,JOHN DEAN TORAN,Under Votes,Over Votes,Write-ins
,3000,1674,837,50.00%,554,153,128,1,1
,3002,2027,1029,50.76%,732,146,147,1,3
,3113,2092,1386,66.25%,1082,182,116,5,1
,3128,2143,1477,68.92%,1154,137,176,5,5
,3144,1777,1305,73.44%,1046,112,139,7,1
,3177,2109,1267,60.08%,935,130,199,2,1
,3185,1053,515,48.91%,330,83,93,4,5
,3193,2171,1300,59.88%,978,150,167,3,2
,3307,1116,565,50.63%,347,121,93,1,3
,3315,984,427,43.39%,251,95,80,1,0
,5029,240,142,59.17%,107,9,24,2,0
,TOTAL,17386,10250,58.96%,7516,1318,1362,32,22
STATE HOUSE DIST. 46 (DEM),Precinct,Voters,Trnout,Pct,STEVE MARCH,JOE TOMPKINS,Under Votes,Over Votes,Write-ins
,3240,1948,1064,54.62%,674,123,259,3,5
,3248,1338,782,58.45%,555,68,152,3,4
,3290,1958,1364,69.66%,975,92,293,1,3
,4111,1750,1126,64.34%,812,80,230,1,3
,4125,1316,601,45.67%,338,125,134,1,3
,4131,1395,810,58.06%,519,98,188,0,5
,4155,1871,1076,57.51%,707,134,232,0,3
,4178,1308,608,46.48%,350,110,142,3,3
,4185,1212,529,43.65%,302,95,129,0,3
,4362,1154,526,45.58%,285,100,135,1,5
,TOTAL,15250,8486,55.65%,5517,1025,1894,13,37
STATE HOUSE DIST. 47 (DEM),Precinct,Voters,Trnout,Pct,JEFF MERKLEY,Under Votes,Over Votes,Write-ins
,3311,1368,666,48.68%,425,235,0,6
,3322,952,491,51.58%,285,198,0,8
,3327,920,490,53.26%,309,175,1,5
,3329,1520,842,55.39%,548,287,0,7
,3330,1471,838,56.97%,526,306,0,6
,4320,884,473,53.51%,288,181,1,3
,4333,1363,675,49.52%,471,198,0,6
,4338,1520,756,49.74%,458,293,0,5
,4344,1083,539,49.77%,361,169,0,9
,4345,1646,777,47.21%,524,248,1,4
,TOTAL,12727,6547,51.44%,4195,2290,3,59
STATE HOUSE DIST. 48 (DEM),Precinct,Voters,Trnout,Pct,RANDY LEONARD,MICK WAGNER,Under Votes,Over Votes,Write-ins
,4309,929,427,45.96%,252,75,97,1,2
,4339,1542,650,42.15%,349,153,141,1,6
,4340,957,407,42.53%,229,91,84,0,3
,4350,1741,796,45.72%,470,173,146,2,5
,4352,998,405,40.58%,213,97,95,0,0
,4359,698,344,49.28%,177,66,101,0,0
,4360,1074,453,42.18%,273,91,86,2,1
,4361,1424,617,43.33%,340,124,144,2,7
,5605,68,27,39.71%,17,6,4,0,0
,TOTAL,9431,4126,43.75%,2320,876,898,8,24
STATE HOUSE DIST. 49 (DEM),Precinct,Voters,Trnout,Pct,PAMELA SPRADLING,Under Votes,Over Votes,Write-ins
,0543,17,5,29.41%,3,2,0,0
,0547,15,6,40.00%,2,4,0,0
,5100,1338,575,42.97%,351,221,0,3
,5200,1304,568,43.56%,322,235,1,10
,5201,1205,537,44.56%,302,226,0,9
,5301,552,209,37.86%,139,67,1,2
,5401,172,90,52.33%,50,38,0,2
,5820,1681,759,45.15%,485,266,0,8
,5850,866,363,41.92%,211,145,0,7
,5868,1032,444,43.02%,249,185,0,10
,5870,1400,622,44.43%,379,235,1,7
,5871,893,346,38.75%,232,107,1,6
,TOTAL,10475,4524,43.19%,2725,1731,4,64
STATE HOUSE DIST. 50 (DEM),Precinct,Voters,Trnout,Pct,LAURIE MONNES ANDERSON,Under Votes,Over Votes,Write-ins
,5819,1430,636,44.48%,467,159,0,10
,5828,1301,569,43.74%,417,145,0,7
,5842,1581,858,54.27%,622,229,0,7
,5846,1436,663,46.17%,470,185,1,7
,5851,1554,699,44.98%,521,171,2,5
,5853,1430,691,48.32%,495,182,0,14
,5855,1423,678,47.65%,498,176,0,4
,5861,976,424,43.44%,310,110,0,4
,TOTAL,11131,5218,46.88%,3800,1357,3,58
STATE HOUSE DIST. 51 (DEM),Precinct,Voters,Trnout,Pct,JAN LEE,ROGER OBRIST,Under Votes,Over Votes,Write-ins
,4216,482,179,37.14%,102,48,28,0,1
,5602,107,55,51.40%,26,7,21,1,0
,TOTAL,589,234,39.73%,128,55,49,1,1
STATE HOUSE DIST. 52 (DEM),Precinct,Voters,Trnout,Pct,LARRY CRAMBLETT,Under Votes,Over Votes,Write-ins
,5425,903,465,51.50%,268,189,0,8
,5604,765,384,50.20%,223,158,0,3
,TOTAL,1668,849,50.90%,491,347,0,11
SENATOR (REP),Precinct,Voters,Trnout,Pct,GORDON H. SMITH,Under Votes,Over Votes,Write-ins
,0156,24,17,70.83%,17,0,0,0
,0158,67,45,67.16%,38,7,0,0
,0543,8,3,37.50%,3,0,0,0
,0547,26,13,50.00%,10,3,0,0
,0548,10,7,70.00%,7,0,0,0
,0601,0,0,0.00%,0,0,0,0
,1002,192,88,45.83%,68,18,0,2
,1013,854,484,56.67%,400,75,0,9
,1025,410,173,42.20%,142,26,0,5
,1045,89,50,56.18%,40,6,0,4
,1053,401,156,38.90%,133,17,0,6
,1103,567,299,52.73%,251,43,0,5
,1156,921,611,66.34%,515,83,0,13
,1170,1203,806,67.00%,670,118,1,17
,1183,532,290,54.51%,248,35,0,7
,1205,849,462,54.42%,353,99,0,10
,1211,497,284,57.14%,230,47,0,7
,1213,857,480,56.01%,399,72,0,9
,1222,1108,644,58.12%,519,114,0,11
,1224,859,576,67.05%,476,89,1,10
,1226,659,414,62.82%,339,65,1,9
,1230,1049,626,59.68%,503,110,0,13
,1238,694,415,59.80%,345,58,0,12
,1240,495,304,61.41%,255,42,0,7
,1245,1107,630,56.91%,511,108,1,10
,1315,707,408,57.71%,338,61,0,9
,1321,808,414,51.24%,349,60,0,5
,1400,681,408,59.91%,345,51,0,12
,1500,185,107,57.84%,89,12,0,6
,1504,487,258,52.98%,217,34,0,7
,1505,272,176,64.71%,149,24,1,2
,1507,138,92,66.67%,76,15,0,1
,1515,512,329,64.26%,283,44,0,2
,1546,520,352,67.69%,310,38,0,4
,2002,599,263,43.91%,199,50,1,13
,2026,541,242,44.73%,200,37,0,5
,2029,553,267,48.28%,215,43,0,9
,2077,817,371,45.41%,304,61,0,6
,2086,439,231,52.62%,172,49,1,9
,2099,237,110,46.41%,86,21,0,3
,2100,772,427,55.31%,351,64,0,12
,2114,508,276,54.33%,221,46,0,9
,2143,711,332,46.69%,277,50,0,5
,3000,720,323,44.86%,271,42,1,9
,3002,730,346,47.40%,289,45,0,12
,3004,221,91,41.18%,74,11,0,6
,3008,509,273,53.63%,228,38,0,7
,3058,442,196,44.34%,144,40,0,12
,3097,293,129,44.03%,100,22,1,6
,3113,719,416,57.86%,341,73,0,2
,3128,724,428,59.12%,331,79,0,18
,3144,565,365,64.60%,292,65,0,8
,3151,272,107,39.34%,76,27,0,4
,3177,842,441,52.38%,351,78,0,12
,3185,801,446,55.68%,384,54,2,6
,3193,727,399,54.88%,324,68,0,7
,3240,980,507,51.73%,422,79,1,5
,3248,500,257,51.40%,220,33,0,4
,3253,448,280,62.50%,237,35,0,8
,3259,548,288,52.55%,229,53,0,6
,3274,294,122,41.50%,88,28,0,6
,3290,698,460,65.90%,356,93,0,11
,3297,419,195,46.54%,164,23,1,7
,3307,952,565,59.35%,485,71,0,9
,3311,918,459,50.00%,389,63,0,7
,3315,601,270,44.93%,226,37,2,5
,3322,800,484,60.50%,413,67,0,4
,3327,564,316,56.03%,265,50,0,1
,3329,1263,724,57.32%,628,87,1,8
,3330,1259,788,62.59%,678,98,0,12
,4022,299,129,43.14%,97,28,1,3
,4027,241,118,48.96%,89,25,0,4
,4041,499,275,55.11%,214,51,0,10
,4049,480,225,46.88%,168,48,0,9
,4065,575,303,52.70%,241,52,0,10
,4106,271,154,56.83%,118,31,0,5
,4111,776,469,60.44%,376,86,1,6
,4125,914,400,43.76%,330,61,1,8
,4131,526,275,52.28%,237,34,0,4
,4155,737,375,50.88%,299,69,0,7
,4167,550,298,54.18%,237,47,0,14
,4178,540,228,42.22%,187,38,1,2
,4185,475,207,43.58%,173,25,2,7
,4202,647,271,41.89%,225,36,1,9
,4216,308,134,43.51%,112,18,0,4
,4242,651,343,52.69%,274,62,1,6
,4250,525,282,53.71%,227,48,0,7
,4254,387,215,55.56%,185,24,0,6
,4282,939,599,63.79%,502,90,2,5
,4295,556,310,55.76%,242,61,1,6
,4299,792,317,40.03%,268,43,0,6
,4309,714,365,51.12%,305,49,0,11
,4320,689,397,57.62%,342,50,0,5
,4333,894,456,51.01%,378,70,1,7
,4338,944,428,45.34%,359,55,0,14
,4339,814,334,41.03%,281,46,0,7
,4340,489,197,40.29%,156,37,0,4
,4344,665,304,45.71%,257,42,0,5
,4345,1047,506,48.33%,424,73,0,9
,4350,1081,508,46.99%,434,64,1,9
,4352,562,218,38.79%,193,23,0,2
,4359,575,311,54.09%,259,50,0,2
,4360,597,263,44.05%,222,34,0,7
,4361,866,371,42.84%,295,62,1,13
,4362,600,262,43.67%,209,45,0,8
,4363,695,351,50.50%,282,56,2,11
,5029,198,105,53.03%,86,14,0,5
,5100,920,410,44.57%,368,34,1,7
,5200,1411,613,43.44%,546,63,0,4
,5201,1180,537,45.51%,463,64,0,10
,5301,416,186,44.71%,163,19,0,4
,5401,132,69,52.27%,53,15,0,1
,5425,927,483,52.10%,404,70,0,9
,5602,166,90,54.22%,80,10,0,0
,5604,841,463,55.05%,393,66,0,4
,5605,44,30,68.18%,26,4,0,0
,5819,926,428,46.22%,353,69,0,6
,5820,1333,635,47.64%,538,90,0,7
,5828,1068,469,43.91%,410,47,0,12
,5842,1655,887,53.60%,748,126,1,12
,5846,1694,746,44.04%,639,97,0,10
,5850,636,263,41.35%,214,43,0,6
,5851,1462,778,53.21%,681,87,0,10
,5853,1113,576,51.75%,498,72,0,6
,5855,1443,690,47.82%,598,86,1,5
,5861,802,356,44.39%,298,51,0,7
,5868,898,483,53.79%,417,55,0,11
,5870,907,400,44.10%,340,54,0,6
,5871,481,195,40.54%,176,18,0,1
,TOTAL,84347,43705,51.82%,36347,6441,35,882
HOUSE DIST. 1 (REP),Precinct,Voters,Trnout,Pct,JIM GREENFIELD,Under Votes,Over Votes,Write-ins
,0158,67,45,67.16%,26,19,0,0
,1013,854,484,56.67%,300,176,0,8
,1025,410,173,42.20%,118,50,0,5
,1045,89,50,56.18%,29,20,0,1
,1053,401,156,38.90%,106,46,0,4
,1103,567,299,52.73%,204,90,1,4
,1156,921,611,66.34%,371,232,0,8
,1170,1203,806,67.00%,511,275,3,17
,1205,849,462,54.42%,272,183,0,7
,1224,859,576,67.05%,378,192,1,5
,1226,659,414,62.82%,257,151,0,6
,1230,1049,626,59.68%,384,235,0,7
,1240,495,304,61.41%,185,110,0,9
,1245,1107,630,56.91%,406,214,0,10
,1315,707,408,57.71%,272,131,0,5
,1507,138,92,66.67%,56,33,0,3
,1515,512,329,64.26%,202,127,0,0
,TOTAL,10887,6465,59.38%,4077,2284,5,99
HOUSE DIST. 3 (REP),Precinct,Voters,Trnout,Pct,SARAH SEALE,Under Votes,Over Votes,Write-ins
,0543,8,3,37.50%,3,0,0,0
,0547,26,13,50.00%,6,7,0,0
,0548,10,7,70.00%,7,0,0,0
,0601,0,0,0.00%,0,0,0,0
,1002,192,88,45.83%,57,31,0,0
,1321,808,414,51.24%,272,138,0,4
,1500,185,107,57.84%,61,43,0,3
,1504,487,258,52.98%,166,89,0,3
,1505,272,176,64.71%,115,59,0,2
,2002,599,263,43.91%,159,94,0,10
,2026,541,242,44.73%,153,83,0,6
,2029,553,267,48.28%,177,83,0,7
,2077,817,371,45.41%,243,122,0,6
,2086,439,231,52.62%,138,83,1,9
,2099,237,110,46.41%,66,40,0,4
,2100,772,427,55.31%,286,132,0,9
,2114,508,276,54.33%,177,91,0,8
,2143,711,332,46.69%,204,124,0,4
,3000,720,323,44.86%,225,94,0,4
,3002,730,346,47.40%,239,98,0,9
,3004,221,91,41.18%,63,27,0,1
,3008,509,273,53.63%,166,100,0,7
,3058,442,196,44.34%,119,68,0,9
,3097,293,129,44.03%,80,43,0,6
,3113,719,416,57.86%,260,151,0,5
,3128,724,428,59.12%,246,171,0,11
,3144,565,365,64.60%,190,172,0,3
,3151,272,107,39.34%,65,38,0,4
,3177,842,441,52.38%,275,163,0,3
,3185,801,446,55.68%,307,136,0,3
,3193,727,399,54.88%,240,154,0,5
,3240,980,507,51.73%,315,185,2,5
,3248,500,257,51.40%,178,78,0,1
,3253,448,280,62.50%,184,92,0,4
,3259,548,288,52.55%,174,111,0,3
,3274,294,122,41.50%,73,48,0,1
,3290,698,460,65.90%,266,186,0,8
,3297,419,195,46.54%,128,63,0,4
,3307,952,565,59.35%,388,172,0,5
,3311,918,459,50.00%,302,152,0,5
,3315,601,270,44.93%,182,83,2,3
,3322,800,484,60.50%,300,180,0,4
,3327,564,316,56.03%,198,112,0,6
,3329,1263,724,57.32%,463,253,1,7
,3330,1259,788,62.59%,518,265,0,5
,4022,299,129,43.14%,74,49,2,4
,4027,241,118,48.96%,69,48,0,1
,4041,499,275,55.11%,166,102,0,7
,4049,480,225,46.88%,140,83,0,2
,4065,575,303,52.70%,188,105,0,10
,4106,271,154,56.83%,95,57,1,1
,4111,776,469,60.44%,285,181,0,3
,4125,914,400,43.76%,259,134,0,7
,4131,526,275,52.28%,196,76,1,2
,4155,737,375,50.88%,237,131,0,7
,4167,550,298,54.18%,187,106,0,5
,4178,540,228,42.22%,154,71,1,2
,4185,475,207,43.58%,143,55,2,7
,4202,647,271,41.89%,176,88,1,6
,4216,308,134,43.51%,96,35,0,3
,4242,651,343,52.69%,211,125,1,6
,4250,525,282,53.71%,171,106,0,5
,4254,387,215,55.56%,136,75,0,4
,4282,939,599,63.79%,368,228,0,3
,4295,556,310,55.76%,171,131,0,8
,4299,792,317,40.03%,214,97,0,6
,4309,714,365,51.12%,244,116,0,5
,4320,689,397,57.62%,247,144,0,6
,4333,894,456,51.01%,298,150,0,8
,4338,944,428,45.34%,292,126,0,10
,4339,814,334,41.03%,237,95,0,2
,4340,489,197,40.29%,137,56,0,4
,4344,665,304,45.71%,197,105,0,2
,4345,1047,506,48.33%,330,164,0,12
,4350,1081,508,46.99%,329,165,1,13
,4352,562,218,38.79%,153,61,0,4
,4359,575,311,54.09%,203,106,1,1
,4360,597,263,44.05%,187,72,0,4
,4361,866,371,42.84%,234,128,0,9
,4362,600,262,43.67%,157,93,0,12
,4363,695,351,50.50%,235,105,3,8
,5029,198,105,53.03%,57,45,0,3
,5100,920,410,44.57%,289,114,0,7
,5200,1411,613,43.44%,430,176,0,7
,5201,1180,537,45.51%,381,149,0,7
,5301,416,186,44.71%,125,55,0,6
,5401,132,69,52.27%,38,31,0,0
,5425,927,483,52.10%,314,163,0,6
,5602,166,90,54.22%,63,27,0,0
,5604,841,463,55.05%,281,181,0,1
,5605,44,30,68.18%,20,10,0,0
,5819,926,428,46.22%,285,141,0,2
,5820,1333,635,47.64%,410,219,0,6
,5828,1068,469,43.91%,326,133,0,10
,5842,1655,887,53.60%,554,324,1,8
,5846,1694,746,44.04%,500,238,0,8
,5850,636,263,41.35%,175,80,0,8
,5851,1462,778,53.21%,531,236,0,11
,5853,1113,576,51.75%,399,172,0,5
,5855,1443,690,47.82%,452,235,0,3
,5861,802,356,44.39%,246,106,0,4
,5868,898,483,53.79%,335,143,0,5
,5870,907,400,44.10%,278,122,0,0
,5871,481,195,40.54%,143,52,0,0
,TOTAL,68547,34350,50.11%,22282,11535,21,512
HOUSE DIST. 5 (REP),Precinct,Voters,Trnout,Pct,BRIAN J. BOQ,CRAIG L. SCHELSKE,Under Votes,Over Votes,Write-ins
,0156,24,17,70.83%,11,3,3,0,0
,1183,532,290,54.51%,141,56,89,1,3
,1211,497,284,57.14%,138,62,82,0,2
,1213,857,480,56.01%,221,110,141,3,5
,1222,1108,644,58.12%,297,169,173,0,5
,1238,694,415,59.80%,221,112,79,1,2
,1400,681,408,59.91%,230,89,88,1,0
,1546,520,352,67.69%,182,55,114,0,1
,TOTAL,4913,2890,58.82%,1441,656,769,6,18
STATE SENATOR DIST. 16 (REP),Precinct,Voters,Trnout,Pct,DON FELL,Under Votes,Over Votes,Write-ins
,1505,272,176,64.71%,109,66,1,0
,TOTAL,272,176,64.71%,109,66,1,0
STATE SENATOR DIST. 17 (REP),Precinct,Voters,Trnout,Pct,BILL WITT,Under Votes,Over Votes,Write-ins
,1002,192,88,45.83%,60,27,0,1
,1013,854,484,56.67%,318,158,0,8
,1025,410,173,42.20%,126,45,0,2
,1045,89,50,56.18%,27,21,0,2
,1053,401,156,38.90%,109,45,0,2
,1321,808,414,51.24%,303,106,0,5
,1500,185,107,57.84%,79,27,0,1
,1504,487,258,52.98%,181,72,0,5
,1507,138,92,66.67%,61,27,0,4
,TOTAL,3564,1822,51.12%,1264,528,0,30
STATE SENATOR DIST. 19 (REP),Precinct,Voters,Trnout,Pct,RON ADAMS,KARL ROHDE,BOB TIERNAN,Under Votes,Over Votes,Write-ins
,0156,24,17,70.83%,1,5,8,3,0,0
,1211,497,284,57.14%,66,41,127,48,1,1
,1213,857,480,56.01%,105,63,219,88,1,4
,1222,1108,644,58.12%,165,75,298,102,2,2
,1400,681,408,59.91%,79,88,190,49,0,2
,1546,520,352,67.69%,80,59,159,53,1,0
,TOTAL,3687,2185,59.26%,496,331,1001,343,5,9
STATE SENATOR DIST. 24 (REP),Precinct,Voters,Trnout,Pct,"CLETUS MOORE, JR.",Under Votes,Over Votes,Write-ins
,3311,918,459,50.00%,298,159,0,2
,3322,800,484,60.50%,282,200,0,2
,3327,564,316,56.03%,191,123,0,2
,3329,1263,724,57.32%,483,240,0,1
,3330,1259,788,62.59%,492,293,0,3
,4309,714,365,51.12%,231,130,0,4
,4320,689,397,57.62%,230,158,0,9
,4333,894,456,51.01%,303,147,1,5
,4338,944,428,45.34%,286,136,0,6
,4339,814,334,41.03%,222,106,0,6
,4340,489,197,40.29%,127,68,0,2
,4344,665,304,45.71%,200,101,0,3
,4345,1047,506,48.33%,310,186,0,10
,4350,1081,508,46.99%,319,178,0,11
,4352,562,218,38.79%,145,68,0,5
,4359,575,311,54.09%,200,111,0,0
,4360,597,263,44.05%,173,87,0,3
,4361,866,371,42.84%,225,141,0,5
,5605,44,30,68.18%,16,14,0,0
,TOTAL,14785,7459,50.45%,4733,2646,1,79
STATE SENATOR DIST. 26 (REP),Precinct,Voters,Trnout,Pct,BOB MONTGOMERY,Under Votes,Over Votes,Write-ins
,4216,308,134,43.51%,89,42,0,3
,5425,927,483,52.10%,329,149,0,5
,5602,166,90,54.22%,65,25,0,0
,5604,841,463,55.05%,302,159,0,2
,TOTAL,2242,1170,52.19%,785,375,0,10
STATE HOUSE DIST. 27 (REP),Precinct,Voters,Trnout,Pct,N,Under Votes,Over Votes,Write-ins
,1240,495,304,61.41%,0,292,0,12
,1515,512,329,64.26%,0,325,0,4
,TOTAL,1007,633,62.86%,0,617,0,16
STATE HOUSE DIST. 31 (REP),Precinct,Voters,Trnout,Pct,N,Under Votes,Over Votes,Write-ins
,1505,272,176,64.71%,0,172,0,4
,TOTAL,272,176,64.71%,0,172,0,4
STATE HOUSE DIST. 33 (REP),Precinct,Voters,Trnout,Pct,BRIAN DEVORE,ERIK T. HARTUNG,Under Votes,Over Votes,Write-ins
,1002,192,88,45.83%,31,37,19,1,0
,1013,854,484,56.67%,109,264,108,0,3
,1025,410,173,42.20%,56,76,40,0,1
,1045,89,50,56.18%,9,29,12,0,0
,1053,401,156,38.90%,44,70,38,1,3
,1321,808,414,51.24%,152,173,83,3,3
,1500,185,107,57.84%,41,53,13,0,0
,1504,487,258,52.98%,79,119,54,4,2
,1507,138,92,66.67%,21,55,14,1,1
,TOTAL,3564,1822,51.12%,542,876,381,10,13
STATE HOUSE DIST. 35 (REP),Precinct,Voters,Trnout,Pct,MAX WILLIAMS,Under Votes,Over Votes,Write-ins
,1238,694,415,59.80%,268,145,0,2
,TOTAL,694,415,59.80%,268,145,0,2
STATE HOUSE DIST. 36 (REP),Precinct,Voters,Trnout,Pct,N,Under Votes,Over Votes,Write-ins
,0158,67,45,67.16%,0,44,0,1
,1103,567,299,52.73%,0,284,0,15
,1156,921,611,66.34%,0,587,0,24
,1170,1203,806,67.00%,0,770,0,36
,1183,532,290,54.51%,0,279,0,11
,1205,849,462,54.42%,0,439,0,23
,1224,859,576,67.05%,0,549,0,27
,1226,659,414,62.82%,0,400,0,14
,1230,1049,626,59.68%,0,601,0,25
,1245,1107,630,56.91%,0,606,0,24
,1315,707,408,57.71%,0,388,0,20
,TOTAL,8520,5167,60.65%,0,4947,0,220
STATE HOUSE DIST. 38 (REP),Precinct,Voters,Trnout,Pct,ANTHONY AZADEH,JIM ZUPANCIC,Under Votes,Over Votes,Write-ins
,0156,24,17,70.83%,2,13,2,0,0
,1211,497,284,57.14%,76,159,48,1,0
,1213,857,480,56.01%,139,260,78,0,3
,1222,1108,644,58.12%,129,390,122,1,2
,1400,681,408,59.91%,98,248,58,3,1
,1546,520,352,67.69%,97,192,60,3,0
,TOTAL,3687,2185,59.26%,541,1262,368,8,6
STATE HOUSE DIST. 41 (REP),Precinct,Voters,Trnout,Pct,N,Under Votes,Over Votes,Write-ins
,0548,10,7,70.00%,0,7,0,0
,0601,0,0,0.00%,0,0,0,0
,4202,647,271,41.89%,0,262,0,9
,4242,651,343,52.69%,0,338,0,5
,4250,525,282,53.71%,0,268,0,14
,4282,939,599,63.79%,0,587,0,12
,4295,556,310,55.76%,0,297,0,13
,4299,792,317,40.03%,0,297,0,20
,TOTAL,4120,2129,51.67%,0,2056,0,73
STATE HOUSE DIST. 42 (REP),Precinct,Voters,Trnout,Pct,N,Under Votes,Over Votes,Write-ins
,3274,294,122,41.50%,0,111,0,11
,4022,299,129,43.14%,0,119,0,10
,4027,241,118,48.96%,0,110,0,8
,4041,499,275,55.11%,0,263,0,12
,4049,480,225,46.88%,0,218,0,7
,4065,575,303,52.70%,0,286,0,17
,4106,271,154,56.83%,0,149,0,5
,4167,550,298,54.18%,0,280,0,18
,4254,387,215,55.56%,0,211,0,4
,4363,695,351,50.50%,0,342,0,9
,TOTAL,4291,2190,51.04%,0,2089,0,101
STATE HOUSE DIST. 43 (REP),Precinct,Voters,Trnout,Pct,IVARS BITANS,SHIRLEY WHITEHEAD FREEMAN,Under Votes,Over Votes,Write-ins
,2086,439,231,52.62%,62,100,64,0,5
,2099,237,110,46.41%,24,49,35,1,1
,3004,221,91,41.18%,23,49,18,0,1
,3008,509,273,53.63%,69,122,78,0,4
,3058,442,196,44.34%,46,94,53,0,3
,3097,293,129,44.03%,30,57,39,0,3
,3151,272,107,39.34%,27,54,24,0,2
,3253,448,280,62.50%,39,139,96,0,6
,3259,548,288,52.55%,61,120,104,1,2
,TOTAL,3409,1705,50.01%,381,784,511,2,27
STATE HOUSE DIST. 44 (REP),Precinct,Voters,Trnout,Pct,N,Under Votes,Over Votes,Write-ins
,2002,599,263,43.91%,0,247,0,16
,2026,541,242,44.73%,0,226,0,16
,2029,553,267,48.28%,0,249,0,18
,2077,817,371,45.41%,0,352,0,19
,2100,772,427,55.31%,0,402,0,25
,2114,508,276,54.33%,0,268,0,8
,2143,711,332,46.69%,0,321,0,11
,3297,419,195,46.54%,0,184,0,11
,TOTAL,4920,2373,48.23%,0,2249,0,124
STATE HOUSE DIST. 45 (REP),Precinct,Voters,Trnout,Pct,N,Under Votes,Over Votes,Write-ins
,3000,720,323,44.86%,0,303,0,20
,3002,730,346,47.40%,0,323,0,23
,3113,719,416,57.86%,0,405,0,11
,3128,724,428,59.12%,0,407,0,21
,3144,565,365,64.60%,0,347,0,18
,3177,842,441,52.38%,0,426,0,15
,3185,801,446,55.68%,0,424,0,22
,3193,727,399,54.88%,0,387,0,12
,3307,952,565,59.35%,0,545,0,20
,3315,601,270,44.93%,0,256,0,14
,5029,198,105,53.03%,0,101,0,4
,TOTAL,7579,4104,54.15%,0,3924,0,180
STATE HOUSE DIST. 46 (REP),Precinct,Voters,Trnout,Pct,N,Under Votes,Over Votes,Write-ins
,3240,980,507,51.73%,0,485,0,22
,3248,500,257,51.40%,0,239,0,18
,3290,698,460,65.90%,0,441,0,19
,4111,776,469,60.44%,0,460,0,9
,4125,914,400,43.76%,0,370,0,30
,4131,526,275,52.28%,0,268,0,7
,4155,737,375,50.88%,0,343,0,32
,4178,540,228,42.22%,0,218,0,10
,4185,475,207,43.58%,0,186,0,21
,4362,600,262,43.67%,0,240,0,22
,TOTAL,6746,3440,50.99%,0,3250,0,190
STATE HOUSE DIST. 47 (REP),Precinct,Voters,Trnout,Pct,N,Under Votes,Over Votes,Write-ins
,3311,918,459,50.00%,0,433,0,26
,3322,800,484,60.50%,0,464,0,20
,3327,564,316,56.03%,0,294,0,22
,3329,1263,724,57.32%,0,677,0,47
,3330,1259,788,62.59%,0,773,0,15
,4320,689,397,57.62%,0,383,0,14
,4333,894,456,51.01%,0,437,0,19
,4338,944,428,45.34%,0,401,0,27
,4344,665,304,45.71%,0,288,0,16
,4345,1047,506,48.33%,0,474,0,32
,TOTAL,9043,4862,53.77%,0,4624,0,238
STATE HOUSE DIST. 48 (REP),Precinct,Voters,Trnout,Pct,MICHAEL R. WRATHELL,Under Votes,Over Votes,Write-ins
,4309,714,365,51.12%,220,140,0,5
,4339,814,334,41.03%,204,127,0,3
,4340,489,197,40.29%,118,76,0,3
,4350,1081,508,46.99%,295,199,2,12
,4352,562,218,38.79%,142,73,0,3
,4359,575,311,54.09%,183,125,0,3
,4360,597,263,44.05%,168,90,0,5
,4361,866,371,42.84%,200,167,0,4
,5605,44,30,68.18%,12,18,0,0
,TOTAL,5742,2597,45.23%,1542,1015,2,38
STATE HOUSE DIST. 49 (REP),Precinct,Voters,Trnout,Pct,KAREN MINNIS,Under Votes,Over Votes,Write-ins
,0543,8,3,37.50%,2,1,0,0
,0547,26,13,50.00%,6,7,0,0
,5100,920,410,44.57%,343,62,0,5
,5200,1411,613,43.44%,492,114,0,7
,5201,1180,537,45.51%,411,116,1,9
,5301,416,186,44.71%,156,23,1,6
,5401,132,69,52.27%,45,23,0,1
,5820,1333,635,47.64%,451,176,0,8
,5850,636,263,41.35%,192,68,0,3
,5868,898,483,53.79%,379,97,0,7
,5870,907,400,44.10%,329,69,0,2
,5871,481,195,40.54%,163,31,0,1
,TOTAL,8348,3807,45.60%,2969,787,2,49
STATE HOUSE DIST. 50 (REP),Precinct,Voters,Trnout,Pct,ERNEST J. HODGIN,Under Votes,Over Votes,Write-ins
,5819,926,428,46.22%,263,159,1,5
,5828,1068,469,43.91%,305,160,0,4
,5842,1655,887,53.60%,510,368,0,9
,5846,1694,746,44.04%,451,282,0,13
,5851,1462,778,53.21%,490,278,0,10
,5853,1113,576,51.75%,368,199,0,9
,5855,1443,690,47.82%,389,298,0,3
,5861,802,356,44.39%,225,128,0,3
,TOTAL,10163,4930,48.51%,3001,1872,1,56
STATE HOUSE DIST. 51 (REP),Precinct,Voters,Trnout,Pct,LINDA FLORES,Under Votes,Over Votes,Write-ins
,4216,308,134,43.51%,89,42,0,3
,5602,166,90,54.22%,62,28,0,0
,TOTAL,474,224,47.26%,151,70,0,3
STATE HOUSE DIST. 52 (REP),Precinct,Voters,Trnout,Pct,PATTI SMITH,Under Votes,Over Votes,Write-ins
,5425,927,483,52.10%,402,70,0,11
,5604,841,463,55.05%,305,155,0,3
,TOTAL,1768,946,53.51%,707,225,0,14
